File No,File Date,Instrument Type,Volume,Page,Detail Link
RP-2025-175488,05/09/2025,NOTICE,,,"javascript:__doPostBack('ctl00$ContentPlaceHolder1$ListView1$ctrl0$lnkdetailtest','')"
RP-2025-175484,05/09/2025,NOTICE,,,"javascript:__doPostBack('ctl00$ContentPlaceHolder1$ListView1$ctrl1$lnkdetailtest','')"
RP-2025-175462,05/09/2025,NOTICE,,,"javascript:__doPostBack('ctl00$ContentPlaceHolder1$ListView1$ctrl2$lnkdetailtest','')"
RP-2025-175443,05/09/2025,NOTICE,,,"javascript:__doPostBack('ctl00$ContentPlaceHolder1$ListView1$ctrl3$lnkdetailtest','')"
RP-2025-175435,05/09/2025,NOTICE,,,"javascript:__doPostBack('ctl00$ContentPlaceHolder1$ListView1$ctrl4$lnkdetailtest','')"
RP-2025-175429,05/09/2025,NOTICE,,,"javascript:__doPostBack('ctl00$ContentPlaceHolder1$ListView1$ctrl5$lnkdetailtest','')"
RP-2025-175419,05/09/2025,NOTICE,,,"javascript:__doPostBack('ctl00$ContentPlaceHolder1$ListView1$ctrl6$lnkdetailtest','')"
RP-2025-175405,05/09/2025,NOTICE,,,"javascript:__doPostBack('ctl00$ContentPlaceHolder1$ListView1$ctrl7$lnkdetailtest','')"
RP-2025-175391,05/09/2025,NOTICE,,,"javascript:__doPostBack('ctl00$ContentPlaceHolder1$ListView1$ctrl8$lnkdetailtest','')"
RP-2025-175369,05/09/2025,NOTICE,,,"javascript:__doPostBack('ctl00$ContentPlaceHolder1$ListView1$ctrl9$lnkdetailtest','')"
RP-2025-175270,05/09/2025,NOTICE,,,"javascript:__doPostBack('ctl00$ContentPlaceHolder1$ListView1$ctrl10$lnkdetailtest','')"
RP-2025-175263,05/09/2025,NOTICE,,,"javascript:__doPostBack('ctl00$ContentPlaceHolder1$ListView1$ctrl11$lnkdetailtest','')"
RP-2025-175254,05/09/2025,NOTICE,,,"javascript:__doPostBack('ctl00$ContentPlaceHolder1$ListView1$ctrl12$lnkdetailtest','')"
RP-2025-175242,05/09/2025,NOTICE,,,"javascript:__doPostBack('ctl00$ContentPlaceHolder1$ListView1$ctrl13$lnkdetailtest','')"
RP-2025-175227,05/09/2025,NOTICE,,,"javascript:__doPostBack('ctl00$ContentPlaceHolder1$ListView1$ctrl14$lnkdetailtest','')"
RP-2025-175208,05/09/2025,NOTICE,,,"javascript:__doPostBack('ctl00$ContentPlaceHolder1$ListView1$ctrl15$lnkdetailtest','')"
RP-2025-175205,05/09/2025,NOTICE,,,"javascript:__doPostBack('ctl00$ContentPlaceHolder1$ListView1$ctrl16$lnkdetailtest','')"
RP-2025-175191,05/09/2025,NOTICE,,,"javascript:__doPostBack('ctl00$ContentPlaceHolder1$ListView1$ctrl17$lnkdetailtest','')"
RP-2025-175180,05/09/2025,NOTICE,,,"javascript:__doPostBack('ctl00$ContentPlaceHolder1$ListView1$ctrl18$lnkdetailtest','')"
RP-2025-175166,05/09/2025,NOTICE,,,"javascript:__doPostBack('ctl00$ContentPlaceHolder1$ListView1$ctrl19$lnkdetailtest','')"
RP-2025-175156,05/09/2025,NOTICE,,,"javascript:__doPostBack('ctl00$ContentPlaceHolder1$ListView1$ctrl20$lnkdetailtest','')"
RP-2025-175136,05/09/2025,NOTICE,,,"javascript:__doPostBack('ctl00$ContentPlaceHolder1$ListView1$ctrl21$lnkdetailtest','')"
RP-2025-175129,05/09/2025,NOTICE,,,"javascript:__doPostBack('ctl00$ContentPlaceHolder1$ListView1$ctrl22$lnkdetailtest','')"
RP-2025-175128,05/09/2025,NOTICE,,,"javascript:__doPostBack('ctl00$ContentPlaceHolder1$ListView1$ctrl23$lnkdetailtest','')"
RP-2025-175124,05/09/2025,NOTICE,,,"javascript:__doPostBack('ctl00$ContentPlaceHolder1$ListView1$ctrl24$lnkdetailtest','')"
RP-2025-175118,05/09/2025,NOTICE,,,"javascript:__doPostBack('ctl00$ContentPlaceHolder1$ListView1$ctrl25$lnkdetailtest','')"
RP-2025-175117,05/09/2025,NOTICE,,,"javascript:__doPostBack('ctl00$ContentPlaceHolder1$ListView1$ctrl26$lnkdetailtest','')"
RP-2025-175103,05/09/2025,NOTICE,,,"javascript:__doPostBack('ctl00$ContentPlaceHolder1$ListView1$ctrl27$lnkdetailtest','')"
RP-2025-175088,05/09/2025,NOTICE,,,"javascript:__doPostBack('ctl00$ContentPlaceHolder1$ListView1$ctrl28$lnkdetailtest','')"
RP-2025-175026,05/09/2025,NOTICE,,,"javascript:__doPostBack('ctl00$ContentPlaceHolder1$ListView1$ctrl29$lnkdetailtest','')"
RP-2025-175019,05/09/2025,NOTICE,,,"javascript:__doPostBack('ctl00$ContentPlaceHolder1$ListView1$ctrl30$lnkdetailtest','')"
RP-2025-175013,05/09/2025,NOTICE,,,"javascript:__doPostBack('ctl00$ContentPlaceHolder1$ListView1$ctrl31$lnkdetailtest','')"
RP-2025-175003,05/09/2025,NOTICE,,,"javascript:__doPostBack('ctl00$ContentPlaceHolder1$ListView1$ctrl32$lnkdetailtest','')"
RP-2025-174920,05/09/2025,NOTICE,,,"javascript:__doPostBack('ctl00$ContentPlaceHolder1$ListView1$ctrl33$lnkdetailtest','')"
RP-2025-174898,05/09/2025,NOTICE,,,"javascript:__doPostBack('ctl00$ContentPlaceHolder1$ListView1$ctrl34$lnkdetailtest','')"
RP-2025-174887,05/09/2025,NOTICE,,,"javascript:__doPostBack('ctl00$ContentPlaceHolder1$ListView1$ctrl35$lnkdetailtest','')"
RP-2025-174883,05/09/2025,NOTICE,,,"javascript:__doPostBack('ctl00$ContentPlaceHolder1$ListView1$ctrl36$lnkdetailtest','')"
RP-2025-174876,05/09/2025,NOTICE,,,"javascript:__doPostBack('ctl00$ContentPlaceHolder1$ListView1$ctrl37$lnkdetailtest','')"
RP-2025-174875,05/09/2025,NOTICE,,,"javascript:__doPostBack('ctl00$ContentPlaceHolder1$ListView1$ctrl38$lnkdetailtest','')"
RP-2025-174813,05/09/2025,NOTICE,,,"javascript:__doPostBack('ctl00$ContentPlaceHolder1$ListView1$ctrl39$lnkdetailtest','')"
RP-2025-174804,05/09/2025,NOTICE,,,"javascript:__doPostBack('ctl00$ContentPlaceHolder1$ListView1$ctrl40$lnkdetailtest','')"
RP-2025-174776,05/09/2025,NOTICE,,,"javascript:__doPostBack('ctl00$ContentPlaceHolder1$ListView1$ctrl41$lnkdetailtest','')"
RP-2025-174755,05/09/2025,NOTICE,,,"javascript:__doPostBack('ctl00$ContentPlaceHolder1$ListView1$ctrl42$lnkdetailtest','')"
RP-2025-174752,05/09/2025,NOTICE,,,"javascript:__doPostBack('ctl00$ContentPlaceHolder1$ListView1$ctrl43$lnkdetailtest','')"
RP-2025-174739,05/09/2025,NOTICE,,,"javascript:__doPostBack('ctl00$ContentPlaceHolder1$ListView1$ctrl44$lnkdetailtest','')"
RP-2025-174724,05/09/2025,NOTICE,,,"javascript:__doPostBack('ctl00$ContentPlaceHolder1$ListView1$ctrl45$lnkdetailtest','')"
RP-2025-174701,05/08/2025,NOTICE,,,"javascript:__doPostBack('ctl00$ContentPlaceHolder1$ListView1$ctrl46$lnkdetailtest','')"
RP-2025-174699,05/08/2025,NOTICE,,,"javascript:__doPostBack('ctl00$ContentPlaceHolder1$ListView1$ctrl47$lnkdetailtest','')"
RP-2025-174669,05/08/2025,NOTICE,,,"javascript:__doPostBack('ctl00$ContentPlaceHolder1$ListView1$ctrl48$lnkdetailtest','')"
RP-2025-174610,05/08/2025,NOTICE,,,"javascript:__doPostBack('ctl00$ContentPlaceHolder1$ListView1$ctrl49$lnkdetailtest','')"
RP-2025-174588,05/08/2025,NOTICE,,,"javascript:__doPostBack('ctl00$ContentPlaceHolder1$ListView1$ctrl50$lnkdetailtest','')"
RP-2025-174550,05/08/2025,NOTICE,,,"javascript:__doPostBack('ctl00$ContentPlaceHolder1$ListView1$ctrl51$lnkdetailtest','')"
RP-2025-174535,05/08/2025,NOTICE,,,"javascript:__doPostBack('ctl00$ContentPlaceHolder1$ListView1$ctrl52$lnkdetailtest','')"
RP-2025-174527,05/08/2025,NOTICE,,,"javascript:__doPostBack('ctl00$ContentPlaceHolder1$ListView1$ctrl53$lnkdetailtest','')"
RP-2025-174501,05/08/2025,NOTICE,,,"javascript:__doPostBack('ctl00$ContentPlaceHolder1$ListView1$ctrl54$lnkdetailtest','')"
RP-2025-174490,05/08/2025,NOTICE,,,"javascript:__doPostBack('ctl00$ContentPlaceHolder1$ListView1$ctrl55$lnkdetailtest','')"
RP-2025-174483,05/08/2025,NOTICE,,,"javascript:__doPostBack('ctl00$ContentPlaceHolder1$ListView1$ctrl56$lnkdetailtest','')"
RP-2025-174470,05/08/2025,NOTICE,,,"javascript:__doPostBack('ctl00$ContentPlaceHolder1$ListView1$ctrl57$lnkdetailtest','')"
RP-2025-174459,05/08/2025,NOTICE,,,"javascript:__doPostBack('ctl00$ContentPlaceHolder1$ListView1$ctrl58$lnkdetailtest','')"
RP-2025-174456,05/08/2025,NOTICE,,,"javascript:__doPostBack('ctl00$ContentPlaceHolder1$ListView1$ctrl59$lnkdetailtest','')"
RP-2025-174430,05/08/2025,NOTICE,,,"javascript:__doPostBack('ctl00$ContentPlaceHolder1$ListView1$ctrl60$lnkdetailtest','')"
RP-2025-174416,05/08/2025,NOTICE,,,"javascript:__doPostBack('ctl00$ContentPlaceHolder1$ListView1$ctrl61$lnkdetailtest','')"
RP-2025-174379,05/08/2025,NOTICE,,,"javascript:__doPostBack('ctl00$ContentPlaceHolder1$ListView1$ctrl62$lnkdetailtest','')"
RP-2025-174347,05/08/2025,NOTICE,,,"javascript:__doPostBack('ctl00$ContentPlaceHolder1$ListView1$ctrl63$lnkdetailtest','')"
RP-2025-174341,05/08/2025,NOTICE,,,"javascript:__doPostBack('ctl00$ContentPlaceHolder1$ListView1$ctrl64$lnkdetailtest','')"
RP-2025-174326,05/08/2025,NOTICE,,,"javascript:__doPostBack('ctl00$ContentPlaceHolder1$ListView1$ctrl65$lnkdetailtest','')"
RP-2025-174304,05/08/2025,NOTICE,,,"javascript:__doPostBack('ctl00$ContentPlaceHolder1$ListView1$ctrl66$lnkdetailtest','')"
RP-2025-174292,05/08/2025,NOTICE,,,"javascript:__doPostBack('ctl00$ContentPlaceHolder1$ListView1$ctrl67$lnkdetailtest','')"
RP-2025-174226,05/08/2025,NOTICE,,,"javascript:__doPostBack('ctl00$ContentPlaceHolder1$ListView1$ctrl68$lnkdetailtest','')"
RP-2025-174221,05/08/2025,NOTICE,,,"javascript:__doPostBack('ctl00$ContentPlaceHolder1$ListView1$ctrl69$lnkdetailtest','')"
RP-2025-174205,05/08/2025,NOTICE,,,"javascript:__doPostBack('ctl00$ContentPlaceHolder1$ListView1$ctrl70$lnkdetailtest','')"
RP-2025-174169,05/08/2025,NOTICE,,,"javascript:__doPostBack('ctl00$ContentPlaceHolder1$ListView1$ctrl71$lnkdetailtest','')"
RP-2025-174158,05/08/2025,NOTICE,,,"javascript:__doPostBack('ctl00$ContentPlaceHolder1$ListView1$ctrl72$lnkdetailtest','')"
RP-2025-174157,05/08/2025,NOTICE,,,"javascript:__doPostBack('ctl00$ContentPlaceHolder1$ListView1$ctrl73$lnkdetailtest','')"
RP-2025-174154,05/08/2025,NOTICE,,,"javascript:__doPostBack('ctl00$ContentPlaceHolder1$ListView1$ctrl74$lnkdetailtest','')"
RP-2025-174141,05/08/2025,NOTICE,,,"javascript:__doPostBack('ctl00$ContentPlaceHolder1$ListView1$ctrl75$lnkdetailtest','')"
RP-2025-174124,05/08/2025,NOTICE,,,"javascript:__doPostBack('ctl00$ContentPlaceHolder1$ListView1$ctrl76$lnkdetailtest','')"
RP-2025-174107,05/08/2025,NOTICE,,,"javascript:__doPostBack('ctl00$ContentPlaceHolder1$ListView1$ctrl77$lnkdetailtest','')"
RP-2025-174099,05/08/2025,NOTICE,,,"javascript:__doPostBack('ctl00$ContentPlaceHolder1$ListView1$ctrl78$lnkdetailtest','')"
RP-2025-174095,05/08/2025,NOTICE,,,"javascript:__doPostBack('ctl00$ContentPlaceHolder1$ListView1$ctrl79$lnkdetailtest','')"
RP-2025-174090,05/08/2025,NOTICE,,,"javascript:__doPostBack('ctl00$ContentPlaceHolder1$ListView1$ctrl80$lnkdetailtest','')"
RP-2025-174086,05/08/2025,NOTICE,,,"javascript:__doPostBack('ctl00$ContentPlaceHolder1$ListView1$ctrl81$lnkdetailtest','')"
RP-2025-174085,05/08/2025,NOTICE,,,"javascript:__doPostBack('ctl00$ContentPlaceHolder1$ListView1$ctrl82$lnkdetailtest','')"
RP-2025-174084,05/08/2025,NOTICE,,,"javascript:__doPostBack('ctl00$ContentPlaceHolder1$ListView1$ctrl83$lnkdetailtest','')"
RP-2025-174080,05/08/2025,NOTICE,,,"javascript:__doPostBack('ctl00$ContentPlaceHolder1$ListView1$ctrl84$lnkdetailtest','')"
RP-2025-174064,05/08/2025,NOTICE,,,"javascript:__doPostBack('ctl00$ContentPlaceHolder1$ListView1$ctrl85$lnkdetailtest','')"
RP-2025-174030,05/08/2025,NOTICE,,,"javascript:__doPostBack('ctl00$ContentPlaceHolder1$ListView1$ctrl86$lnkdetailtest','')"
RP-2025-173965,05/08/2025,NOTICE,,,"javascript:__doPostBack('ctl00$ContentPlaceHolder1$ListView1$ctrl87$lnkdetailtest','')"
RP-2025-173954,05/08/2025,NOTICE,,,"javascript:__doPostBack('ctl00$ContentPlaceHolder1$ListView1$ctrl88$lnkdetailtest','')"
RP-2025-173946,05/08/2025,NOTICE,,,"javascript:__doPostBack('ctl00$ContentPlaceHolder1$ListView1$ctrl89$lnkdetailtest','')"
RP-2025-173945,05/08/2025,NOTICE,,,"javascript:__doPostBack('ctl00$ContentPlaceHolder1$ListView1$ctrl90$lnkdetailtest','')"
RP-2025-173934,05/08/2025,NOTICE,,,"javascript:__doPostBack('ctl00$ContentPlaceHolder1$ListView1$ctrl91$lnkdetailtest','')"
RP-2025-173933,05/08/2025,NOTICE,,,"javascript:__doPostBack('ctl00$ContentPlaceHolder1$ListView1$ctrl92$lnkdetailtest','')"
RP-2025-173932,05/08/2025,NOTICE,,,"javascript:__doPostBack('ctl00$ContentPlaceHolder1$ListView1$ctrl93$lnkdetailtest','')"
RP-2025-173925,05/08/2025,NOTICE,,,"javascript:__doPostBack('ctl00$ContentPlaceHolder1$ListView1$ctrl94$lnkdetailtest','')"
RP-2025-173924,05/08/2025,NOTICE,,,"javascript:__doPostBack('ctl00$ContentPlaceHolder1$ListView1$ctrl95$lnkdetailtest','')"
RP-2025-173916,05/08/2025,NOTICE,,,"javascript:__doPostBack('ctl00$ContentPlaceHolder1$ListView1$ctrl96$lnkdetailtest','')"
RP-2025-173911,05/08/2025,NOTICE,,,"javascript:__doPostBack('ctl00$ContentPlaceHolder1$ListView1$ctrl97$lnkdetailtest','')"
RP-2025-173909,05/08/2025,NOTICE,,,"javascript:__doPostBack('ctl00$ContentPlaceHolder1$ListView1$ctrl98$lnkdetailtest','')"
RP-2025-173889,05/08/2025,NOTICE,,,"javascript:__doPostBack('ctl00$ContentPlaceHolder1$ListView1$ctrl99$lnkdetailtest','')"
RP-2025-173882,05/08/2025,NOTICE,,,"javascript:__doPostBack('ctl00$ContentPlaceHolder1$ListView1$ctrl100$lnkdetailtest','')"
RP-2025-173881,05/08/2025,NOTICE,,,"javascript:__doPostBack('ctl00$ContentPlaceHolder1$ListView1$ctrl101$lnkdetailtest','')"
RP-2025-173880,05/08/2025,NOTICE,,,"javascript:__doPostBack('ctl00$ContentPlaceHolder1$ListView1$ctrl102$lnkdetailtest','')"
RP-2025-173826,05/08/2025,NOTICE,,,"javascript:__doPostBack('ctl00$ContentPlaceHolder1$ListView1$ctrl103$lnkdetailtest','')"
RP-2025-173803,05/08/2025,NOTICE,,,"javascript:__doPostBack('ctl00$ContentPlaceHolder1$ListView1$ctrl104$lnkdetailtest','')"
RP-2025-173757,05/08/2025,NOTICE,,,"javascript:__doPostBack('ctl00$ContentPlaceHolder1$ListView1$ctrl105$lnkdetailtest','')"
RP-2025-173716,05/08/2025,NOTICE,,,"javascript:__doPostBack('ctl00$ContentPlaceHolder1$ListView1$ctrl106$lnkdetailtest','')"
RP-2025-173715,05/08/2025,NOTICE,,,"javascript:__doPostBack('ctl00$ContentPlaceHolder1$ListView1$ctrl107$lnkdetailtest','')"
RP-2025-173698,05/08/2025,NOTICE,,,"javascript:__doPostBack('ctl00$ContentPlaceHolder1$ListView1$ctrl108$lnkdetailtest','')"
RP-2025-173693,05/08/2025,NOTICE,,,"javascript:__doPostBack('ctl00$ContentPlaceHolder1$ListView1$ctrl109$lnkdetailtest','')"
RP-2025-173692,05/08/2025,NOTICE,,,"javascript:__doPostBack('ctl00$ContentPlaceHolder1$ListView1$ctrl110$lnkdetailtest','')"
RP-2025-173675,05/08/2025,NOTICE,,,"javascript:__doPostBack('ctl00$ContentPlaceHolder1$ListView1$ctrl111$lnkdetailtest','')"
RP-2025-173674,05/08/2025,NOTICE,,,"javascript:__doPostBack('ctl00$ContentPlaceHolder1$ListView1$ctrl112$lnkdetailtest','')"
RP-2025-173673,05/08/2025,NOTICE,,,"javascript:__doPostBack('ctl00$ContentPlaceHolder1$ListView1$ctrl113$lnkdetailtest','')"
RP-2025-173647,05/08/2025,NOTICE,,,"javascript:__doPostBack('ctl00$ContentPlaceHolder1$ListView1$ctrl114$lnkdetailtest','')"
RP-2025-173642,05/08/2025,NOTICE,,,"javascript:__doPostBack('ctl00$ContentPlaceHolder1$ListView1$ctrl115$lnkdetailtest','')"
RP-2025-173624,05/08/2025,NOTICE,,,"javascript:__doPostBack('ctl00$ContentPlaceHolder1$ListView1$ctrl116$lnkdetailtest','')"
RP-2025-173590,05/08/2025,NOTICE,,,"javascript:__doPostBack('ctl00$ContentPlaceHolder1$ListView1$ctrl117$lnkdetailtest','')"
RP-2025-173588,05/08/2025,NOTICE,,,"javascript:__doPostBack('ctl00$ContentPlaceHolder1$ListView1$ctrl118$lnkdetailtest','')"
RP-2025-173542,05/08/2025,NOTICE,,,"javascript:__doPostBack('ctl00$ContentPlaceHolder1$ListView1$ctrl119$lnkdetailtest','')"
RP-2025-173493,05/08/2025,NOTICE,,,"javascript:__doPostBack('ctl00$ContentPlaceHolder1$ListView1$ctrl120$lnkdetailtest','')"
RP-2025-173475,05/08/2025,NOTICE,,,"javascript:__doPostBack('ctl00$ContentPlaceHolder1$ListView1$ctrl121$lnkdetailtest','')"
RP-2025-173470,05/08/2025,NOTICE,,,"javascript:__doPostBack('ctl00$ContentPlaceHolder1$ListView1$ctrl122$lnkdetailtest','')"
RP-2025-173449,05/08/2025,NOTICE,,,"javascript:__doPostBack('ctl00$ContentPlaceHolder1$ListView1$ctrl123$lnkdetailtest','')"
RP-2025-173447,05/08/2025,NOTICE,,,"javascript:__doPostBack('ctl00$ContentPlaceHolder1$ListView1$ctrl124$lnkdetailtest','')"
RP-2025-173441,05/08/2025,NOTICE,,,"javascript:__doPostBack('ctl00$ContentPlaceHolder1$ListView1$ctrl125$lnkdetailtest','')"
RP-2025-173440,05/08/2025,NOTICE,,,"javascript:__doPostBack('ctl00$ContentPlaceHolder1$ListView1$ctrl126$lnkdetailtest','')"
RP-2025-173412,05/08/2025,NOTICE,,,"javascript:__doPostBack('ctl00$ContentPlaceHolder1$ListView1$ctrl127$lnkdetailtest','')"
RP-2025-173408,05/08/2025,NOTICE,,,"javascript:__doPostBack('ctl00$ContentPlaceHolder1$ListView1$ctrl128$lnkdetailtest','')"
RP-2025-173407,05/08/2025,NOTICE,,,"javascript:__doPostBack('ctl00$ContentPlaceHolder1$ListView1$ctrl129$lnkdetailtest','')"
RP-2025-173366,05/08/2025,NOTICE,,,"javascript:__doPostBack('ctl00$ContentPlaceHolder1$ListView1$ctrl130$lnkdetailtest','')"
RP-2025-173329,05/08/2025,NOTICE,,,"javascript:__doPostBack('ctl00$ContentPlaceHolder1$ListView1$ctrl131$lnkdetailtest','')"
RP-2025-173319,05/08/2025,NOTICE,,,"javascript:__doPostBack('ctl00$ContentPlaceHolder1$ListView1$ctrl132$lnkdetailtest','')"
RP-2025-173314,05/08/2025,NOTICE,,,"javascript:__doPostBack('ctl00$ContentPlaceHolder1$ListView1$ctrl133$lnkdetailtest','')"
RP-2025-173293,05/08/2025,NOTICE,,,"javascript:__doPostBack('ctl00$ContentPlaceHolder1$ListView1$ctrl134$lnkdetailtest','')"
RP-2025-173260,05/08/2025,NOTICE,,,"javascript:__doPostBack('ctl00$ContentPlaceHolder1$ListView1$ctrl135$lnkdetailtest','')"
RP-2025-173245,05/08/2025,NOTICE,,,"javascript:__doPostBack('ctl00$ContentPlaceHolder1$ListView1$ctrl136$lnkdetailtest','')"
RP-2025-173235,05/08/2025,NOTICE,,,"javascript:__doPostBack('ctl00$ContentPlaceHolder1$ListView1$ctrl137$lnkdetailtest','')"
RP-2025-173234,05/08/2025,NOTICE,,,"javascript:__doPostBack('ctl00$ContentPlaceHolder1$ListView1$ctrl138$lnkdetailtest','')"
RP-2025-173227,05/08/2025,NOTICE,,,"javascript:__doPostBack('ctl00$ContentPlaceHolder1$ListView1$ctrl139$lnkdetailtest','')"
RP-2025-173221,05/08/2025,NOTICE,,,"javascript:__doPostBack('ctl00$ContentPlaceHolder1$ListView1$ctrl140$lnkdetailtest','')"
RP-2025-173218,05/08/2025,NOTICE,,,"javascript:__doPostBack('ctl00$ContentPlaceHolder1$ListView1$ctrl141$lnkdetailtest','')"
RP-2025-173210,05/08/2025,NOTICE,,,"javascript:__doPostBack('ctl00$ContentPlaceHolder1$ListView1$ctrl142$lnkdetailtest','')"
RP-2025-173194,05/08/2025,NOTICE,,,"javascript:__doPostBack('ctl00$ContentPlaceHolder1$ListView1$ctrl143$lnkdetailtest','')"
RP-2025-173190,05/08/2025,NOTICE,,,"javascript:__doPostBack('ctl00$ContentPlaceHolder1$ListView1$ctrl144$lnkdetailtest','')"
RP-2025-173149,05/08/2025,NOTICE,,,"javascript:__doPostBack('ctl00$ContentPlaceHolder1$ListView1$ctrl145$lnkdetailtest','')"
RP-2025-173148,05/08/2025,NOTICE,,,"javascript:__doPostBack('ctl00$ContentPlaceHolder1$ListView1$ctrl146$lnkdetailtest','')"
RP-2025-173087,05/08/2025,NOTICE,,,"javascript:__doPostBack('ctl00$ContentPlaceHolder1$ListView1$ctrl147$lnkdetailtest','')"
RP-2025-173084,05/08/2025,NOTICE,,,"javascript:__doPostBack('ctl00$ContentPlaceHolder1$ListView1$ctrl148$lnkdetailtest','')"
RP-2025-173051,05/08/2025,NOTICE,,,"javascript:__doPostBack('ctl00$ContentPlaceHolder1$ListView1$ctrl149$lnkdetailtest','')"
RP-2025-173043,05/08/2025,NOTICE,,,"javascript:__doPostBack('ctl00$ContentPlaceHolder1$ListView1$ctrl150$lnkdetailtest','')"
RP-2025-173040,05/08/2025,NOTICE,,,"javascript:__doPostBack('ctl00$ContentPlaceHolder1$ListView1$ctrl151$lnkdetailtest','')"
RP-2025-173025,05/08/2025,NOTICE,,,"javascript:__doPostBack('ctl00$ContentPlaceHolder1$ListView1$ctrl152$lnkdetailtest','')"
RP-2025-173023,05/08/2025,NOTICE,,,"javascript:__doPostBack('ctl00$ContentPlaceHolder1$ListView1$ctrl153$lnkdetailtest','')"
RP-2025-172998,05/08/2025,NOTICE,,,"javascript:__doPostBack('ctl00$ContentPlaceHolder1$ListView1$ctrl154$lnkdetailtest','')"
RP-2025-172933,05/08/2025,NOTICE,,,"javascript:__doPostBack('ctl00$ContentPlaceHolder1$ListView1$ctrl155$lnkdetailtest','')"
RP-2025-172923,05/08/2025,NOTICE,,,"javascript:__doPostBack('ctl00$ContentPlaceHolder1$ListView1$ctrl156$lnkdetailtest','')"
RP-2025-172922,05/08/2025,NOTICE,,,"javascript:__doPostBack('ctl00$ContentPlaceHolder1$ListView1$ctrl157$lnkdetailtest','')"
RP-2025-172896,05/08/2025,NOTICE,,,"javascript:__doPostBack('ctl00$ContentPlaceHolder1$ListView1$ctrl158$lnkdetailtest','')"
RP-2025-172895,05/08/2025,NOTICE,,,"javascript:__doPostBack('ctl00$ContentPlaceHolder1$ListView1$ctrl159$lnkdetailtest','')"
RP-2025-172891,05/07/2025,NOTICE,,,"javascript:__doPostBack('ctl00$ContentPlaceHolder1$ListView1$ctrl160$lnkdetailtest','')"
RP-2025-172890,05/07/2025,NOTICE,,,"javascript:__doPostBack('ctl00$ContentPlaceHolder1$ListView1$ctrl161$lnkdetailtest','')"
RP-2025-172883,05/07/2025,NOTICE,,,"javascript:__doPostBack('ctl00$ContentPlaceHolder1$ListView1$ctrl162$lnkdetailtest','')"
RP-2025-172862,05/07/2025,NOTICE,,,"javascript:__doPostBack('ctl00$ContentPlaceHolder1$ListView1$ctrl163$lnkdetailtest','')"
RP-2025-172854,05/07/2025,NOTICE,,,"javascript:__doPostBack('ctl00$ContentPlaceHolder1$ListView1$ctrl164$lnkdetailtest','')"
RP-2025-172825,05/07/2025,NOTICE,,,"javascript:__doPostBack('ctl00$ContentPlaceHolder1$ListView1$ctrl165$lnkdetailtest','')"
RP-2025-172822,05/07/2025,NOTICE,,,"javascript:__doPostBack('ctl00$ContentPlaceHolder1$ListView1$ctrl166$lnkdetailtest','')"
RP-2025-172814,05/07/2025,NOTICE,,,"javascript:__doPostBack('ctl00$ContentPlaceHolder1$ListView1$ctrl167$lnkdetailtest','')"
RP-2025-172808,05/07/2025,NOTICE,,,"javascript:__doPostBack('ctl00$ContentPlaceHolder1$ListView1$ctrl168$lnkdetailtest','')"
RP-2025-172787,05/07/2025,NOTICE,,,"javascript:__doPostBack('ctl00$ContentPlaceHolder1$ListView1$ctrl169$lnkdetailtest','')"
RP-2025-172783,05/07/2025,NOTICE,,,"javascript:__doPostBack('ctl00$ContentPlaceHolder1$ListView1$ctrl170$lnkdetailtest','')"
RP-2025-172782,05/07/2025,NOTICE,,,"javascript:__doPostBack('ctl00$ContentPlaceHolder1$ListView1$ctrl171$lnkdetailtest','')"
RP-2025-172777,05/07/2025,NOTICE,,,"javascript:__doPostBack('ctl00$ContentPlaceHolder1$ListView1$ctrl172$lnkdetailtest','')"
RP-2025-172770,05/07/2025,NOTICE,,,"javascript:__doPostBack('ctl00$ContentPlaceHolder1$ListView1$ctrl173$lnkdetailtest','')"
RP-2025-172765,05/07/2025,NOTICE,,,"javascript:__doPostBack('ctl00$ContentPlaceHolder1$ListView1$ctrl174$lnkdetailtest','')"
RP-2025-172749,05/07/2025,NOTICE,,,"javascript:__doPostBack('ctl00$ContentPlaceHolder1$ListView1$ctrl175$lnkdetailtest','')"
RP-2025-172729,05/07/2025,NOTICE,,,"javascript:__doPostBack('ctl00$ContentPlaceHolder1$ListView1$ctrl176$lnkdetailtest','')"
RP-2025-172728,05/07/2025,NOTICE,,,"javascript:__doPostBack('ctl00$ContentPlaceHolder1$ListView1$ctrl177$lnkdetailtest','')"
RP-2025-172725,05/07/2025,NOTICE,,,"javascript:__doPostBack('ctl00$ContentPlaceHolder1$ListView1$ctrl178$lnkdetailtest','')"
RP-2025-172703,05/07/2025,NOTICE,,,"javascript:__doPostBack('ctl00$ContentPlaceHolder1$ListView1$ctrl179$lnkdetailtest','')"
RP-2025-172680,05/07/2025,NOTICE,,,"javascript:__doPostBack('ctl00$ContentPlaceHolder1$ListView1$ctrl180$lnkdetailtest','')"
RP-2025-172657,05/07/2025,NOTICE,,,"javascript:__doPostBack('ctl00$ContentPlaceHolder1$ListView1$ctrl181$lnkdetailtest','')"
RP-2025-172651,05/07/2025,NOTICE,,,"javascript:__doPostBack('ctl00$ContentPlaceHolder1$ListView1$ctrl182$lnkdetailtest','')"
RP-2025-172632,05/07/2025,NOTICE,,,"javascript:__doPostBack('ctl00$ContentPlaceHolder1$ListView1$ctrl183$lnkdetailtest','')"
RP-2025-172626,05/07/2025,NOTICE,,,"javascript:__doPostBack('ctl00$ContentPlaceHolder1$ListView1$ctrl184$lnkdetailtest','')"
RP-2025-172620,05/07/2025,NOTICE,,,"javascript:__doPostBack('ctl00$ContentPlaceHolder1$ListView1$ctrl185$lnkdetailtest','')"
RP-2025-172619,05/07/2025,NOTICE,,,"javascript:__doPostBack('ctl00$ContentPlaceHolder1$ListView1$ctrl186$lnkdetailtest','')"
RP-2025-172618,05/07/2025,NOTICE,,,"javascript:__doPostBack('ctl00$ContentPlaceHolder1$ListView1$ctrl187$lnkdetailtest','')"
RP-2025-172617,05/07/2025,NOTICE,,,"javascript:__doPostBack('ctl00$ContentPlaceHolder1$ListView1$ctrl188$lnkdetailtest','')"
RP-2025-172616,05/07/2025,NOTICE,,,"javascript:__doPostBack('ctl00$ContentPlaceHolder1$ListView1$ctrl189$lnkdetailtest','')"
RP-2025-172615,05/07/2025,NOTICE,,,"javascript:__doPostBack('ctl00$ContentPlaceHolder1$ListView1$ctrl190$lnkdetailtest','')"
RP-2025-172614,05/07/2025,NOTICE,,,"javascript:__doPostBack('ctl00$ContentPlaceHolder1$ListView1$ctrl191$lnkdetailtest','')"
RP-2025-172613,05/07/2025,NOTICE,,,"javascript:__doPostBack('ctl00$ContentPlaceHolder1$ListView1$ctrl192$lnkdetailtest','')"
RP-2025-172612,05/07/2025,NOTICE,,,"javascript:__doPostBack('ctl00$ContentPlaceHolder1$ListView1$ctrl193$lnkdetailtest','')"
RP-2025-172611,05/07/2025,NOTICE,,,"javascript:__doPostBack('ctl00$ContentPlaceHolder1$ListView1$ctrl194$lnkdetailtest','')"
RP-2025-172604,05/07/2025,NOTICE,,,"javascript:__doPostBack('ctl00$ContentPlaceHolder1$ListView1$ctrl195$lnkdetailtest','')"
RP-2025-172597,05/07/2025,NOTICE,,,"javascript:__doPostBack('ctl00$ContentPlaceHolder1$ListView1$ctrl196$lnkdetailtest','')"
RP-2025-172593,05/07/2025,NOTICE,,,"javascript:__doPostBack('ctl00$ContentPlaceHolder1$ListView1$ctrl197$lnkdetailtest','')"
RP-2025-172588,05/07/2025,NOTICE,,,"javascript:__doPostBack('ctl00$ContentPlaceHolder1$ListView1$ctrl198$lnkdetailtest','')"
RP-2025-172575,05/07/2025,NOTICE,,,"javascript:__doPostBack('ctl00$ContentPlaceHolder1$ListView1$ctrl199$lnkdetailtest','')"
